"filename", "language", "Markdown", "HTML", "JSON with Comments", "Properties", "TypeScript", "TypeScript JSX", "Shell Script", "CMake", "MS SQL", "C++", "PostCSS", "Docker", "JSON", "YAML", "comment", "blank", "total"
"/home/xiaohu/workspace/MyBlog/README.md", "Markdown", 364, 0, 0, 0, 0, 0, 0, 0, 0, 0, 0, 0, 0, 0, 0, 120, 484
"/home/xiaohu/workspace/MyBlog/backend/CMakeLists.txt", "CMake", 0, 0, 0, 0, 0, 0, 0, 43, 0, 0, 0, 0, 0, 0, 0, 6, 49
"/home/xiaohu/workspace/MyBlog/backend/Dockerfile", "Docker", 0, 0, 0, 0, 0, 0, 0, 0, 0, 0, 0, 10, 0, 0, 0, 4, 14
"/home/xiaohu/workspace/MyBlog/backend/config/config.example.json", "JSON", 0, 0, 0, 0, 0, 0, 0, 0, 0, 0, 0, 0, 16, 0, 0, 1, 17
"/home/xiaohu/workspace/MyBlog/backend/migrations/001_init.sql", "MS SQL", 0, 0, 0, 0, 0, 0, 0, 0, 36, 0, 0, 0, 0, 0, 0, 6, 42
"/home/xiaohu/workspace/MyBlog/backend/migrations/002_fts.sql", "MS SQL", 0, 0, 0, 0, 0, 0, 0, 0, 31, 0, 0, 0, 0, 0, 0, 6, 37
"/home/xiaohu/workspace/MyBlog/backend/scripts/migrate.sh", "Shell Script", 0, 0, 0, 0, 0, 0, 19, 0, 0, 0, 0, 0, 0, 0, 1, 7, 27
"/home/xiaohu/workspace/MyBlog/backend/scripts/seed_admin.sh", "Shell Script", 0, 0, 0, 0, 0, 0, 4, 0, 0, 0, 0, 0, 0, 0, 1, 2, 7
"/home/xiaohu/workspace/MyBlog/backend/src/app/AppConfig.cc", "C++", 0, 0, 0, 0, 0, 0, 0, 0, 0, 45, 0, 0, 0, 0, 0, 10, 55
"/home/xiaohu/workspace/MyBlog/backend/src/app/AppConfig.h", "C++", 0, 0, 0, 0, 0, 0, 0, 0, 0, 20, 0, 0, 0, 0, 0, 7, 27
"/home/xiaohu/workspace/MyBlog/backend/src/auth/JwtService.cc", "C++", 0, 0, 0, 0, 0, 0, 0, 0, 0, 186, 0, 0, 0, 0, 0, 40, 226
"/home/xiaohu/workspace/MyBlog/backend/src/auth/JwtService.h", "C++", 0, 0, 0, 0, 0, 0, 0, 0, 0, 23, 0, 0, 0, 0, 0, 9, 32
"/home/xiaohu/workspace/MyBlog/backend/src/auth/PasswordService.cc", "C++", 0, 0, 0, 0, 0, 0, 0, 0, 0, 41, 0, 0, 0, 0, 0, 11, 52
"/home/xiaohu/workspace/MyBlog/backend/src/auth/PasswordService.h", "C++", 0, 0, 0, 0, 0, 0, 0, 0, 0, 9, 0, 0, 0, 0, 0, 5, 14
"/home/xiaohu/workspace/MyBlog/backend/src/auth/RefreshTokenService.cc", "C++", 0, 0, 0, 0, 0, 0, 0, 0, 0, 256, 0, 0, 0, 0, 0, 51, 307
"/home/xiaohu/workspace/MyBlog/backend/src/auth/RefreshTokenService.h", "C++", 0, 0, 0, 0, 0, 0, 0, 0, 0, 27, 0, 0, 0, 0, 0, 11, 38
"/home/xiaohu/workspace/MyBlog/backend/src/controllers/AdminController.cc", "C++", 0, 0, 0, 0, 0, 0, 0, 0, 0, 146, 0, 0, 0, 0, 0, 31, 177
"/home/xiaohu/workspace/MyBlog/backend/src/controllers/AdminController.h", "C++", 0, 0, 0, 0, 0, 0, 0, 0, 0, 22, 0, 0, 0, 0, 0, 11, 33
"/home/xiaohu/workspace/MyBlog/backend/src/controllers/AuthController.cc", "C++", 0, 0, 0, 0, 0, 0, 0, 0, 0, 166, 0, 0, 0, 0, 0, 41, 207
"/home/xiaohu/workspace/MyBlog/backend/src/controllers/AuthController.h", "C++", 0, 0, 0, 0, 0, 0, 0, 0, 0, 29, 0, 0, 0, 0, 0, 12, 41
"/home/xiaohu/workspace/MyBlog/backend/src/controllers/PostController.cc", "C++", 0, 0, 0, 0, 0, 0, 0, 0, 0, 177, 0, 0, 0, 0, 0, 41, 218
"/home/xiaohu/workspace/MyBlog/backend/src/controllers/PostController.h", "C++", 0, 0, 0, 0, 0, 0, 0, 0, 0, 31, 0, 0, 0, 0, 0, 13, 44
"/home/xiaohu/workspace/MyBlog/backend/src/controllers/SearchController.cc", "C++", 0, 0, 0, 0, 0, 0, 0, 0, 0, 52, 0, 0, 0, 0, 0, 14, 66
"/home/xiaohu/workspace/MyBlog/backend/src/controllers/SearchController.h", "C++", 0, 0, 0, 0, 0, 0, 0, 0, 0, 14, 0, 0, 0, 0, 0, 9, 23
"/home/xiaohu/workspace/MyBlog/backend/src/db/Database.cc", "C++", 0, 0, 0, 0, 0, 0, 0, 0, 0, 56, 0, 0, 0, 0, 0, 13, 69
"/home/xiaohu/workspace/MyBlog/backend/src/db/Database.h", "C++", 0, 0, 0, 0, 0, 0, 0, 0, 0, 20, 0, 0, 0, 0, 0, 10, 30
"/home/xiaohu/workspace/MyBlog/backend/src/db/Migrations.cc", "C++", 0, 0, 0, 0, 0, 0, 0, 0, 0, 127, 0, 0, 0, 0, 0, 29, 156
"/home/xiaohu/workspace/MyBlog/backend/src/logging/RequestLogger.h", "C++", 0, 0, 0, 0, 0, 0, 0, 0, 0, 19, 0, 0, 0, 0, 0, 6, 25
"/home/xiaohu/workspace/MyBlog/backend/src/main.cc", "C++", 0, 0, 0, 0, 0, 0, 0, 0, 0, 209, 0, 0, 0, 0, 0, 39, 248
"/home/xiaohu/workspace/MyBlog/backend/src/middleware/AdminMiddleware.cc", "C++", 0, 0, 0, 0, 0, 0, 0, 0, 0, 10, 0, 0, 0, 0, 0, 4, 14
"/home/xiaohu/workspace/MyBlog/backend/src/middleware/AdminMiddleware.h", "C++", 0, 0, 0, 0, 0, 0, 0, 0, 0, 9, 0, 0, 0, 0, 0, 5, 14
"/home/xiaohu/workspace/MyBlog/backend/src/middleware/AuthMiddleware.cc", "C++", 0, 0, 0, 0, 0, 0, 0, 0, 0, 50, 0, 0, 0, 0, 0, 11, 61
"/home/xiaohu/workspace/MyBlog/backend/src/middleware/AuthMiddleware.h", "C++", 0, 0, 0, 0, 0, 0, 0, 0, 0, 22, 0, 0, 0, 0, 0, 8, 30
"/home/xiaohu/workspace/MyBlog/backend/src/models/Post.h", "C++", 0, 0, 0, 0, 0, 0, 0, 0, 0, 15, 0, 0, 0, 0, 0, 5, 20
"/home/xiaohu/workspace/MyBlog/backend/src/models/User.h", "C++", 0, 0, 0, 0, 0, 0, 0, 0, 0, 13, 0, 0, 0, 0, 0, 5, 18
"/home/xiaohu/workspace/MyBlog/backend/src/repositories/PostRepository.cc", "C++", 0, 0, 0, 0, 0, 0, 0, 0, 0, 218, 0, 0, 0, 0, 0, 49, 267
"/home/xiaohu/workspace/MyBlog/backend/src/repositories/PostRepository.h", "C++", 0, 0, 0, 0, 0, 0, 0, 0, 0, 28, 0, 0, 0, 0, 0, 11, 39
"/home/xiaohu/workspace/MyBlog/backend/src/repositories/SearchRepository.cc", "C++", 0, 0, 0, 0, 0, 0, 0, 0, 0, 128, 0, 0, 0, 0, 0, 25, 153
"/home/xiaohu/workspace/MyBlog/backend/src/repositories/SearchRepository.h", "C++", 0, 0, 0, 0, 0, 0, 0, 0, 0, 20, 0, 0, 0, 0, 0, 8, 28
"/home/xiaohu/workspace/MyBlog/backend/src/repositories/UserRepository.cc", "C++", 0, 0, 0, 0, 0, 0, 0, 0, 0, 309, 0, 0, 0, 0, 0, 63, 372
"/home/xiaohu/workspace/MyBlog/backend/src/repositories/UserRepository.h", "C++", 0, 0, 0, 0, 0, 0, 0, 0, 0, 31, 0, 0, 0, 0, 0, 11, 42
"/home/xiaohu/workspace/MyBlog/backend/src/utils/ApiError.cc", "C++", 0, 0, 0, 0, 0, 0, 0, 0, 0, 11, 0, 0, 0, 0, 0, 4, 15
"/home/xiaohu/workspace/MyBlog/backend/src/utils/ApiError.h", "C++", 0, 0, 0, 0, 0, 0, 0, 0, 0, 15, 0, 0, 0, 0, 0, 7, 22
"/home/xiaohu/workspace/MyBlog/backend/src/utils/JsonResponse.h", "C++", 0, 0, 0, 0, 0, 0, 0, 0, 0, 37, 0, 0, 0, 0, 0, 11, 48
"/home/xiaohu/workspace/MyBlog/backend/src/utils/Validation.cc", "C++", 0, 0, 0, 0, 0, 0, 0, 0, 0, 105, 0, 0, 0, 0, 0, 17, 122
"/home/xiaohu/workspace/MyBlog/backend/src/utils/Validation.h", "C++", 0, 0, 0, 0, 0, 0, 0, 0, 0, 24, 0, 0, 0, 0, 0, 8, 32
"/home/xiaohu/workspace/MyBlog/backend/tests/api_smoke.sh", "Shell Script", 0, 0, 0, 0, 0, 0, 80, 0, 0, 0, 0, 0, 0, 0, 1, 22, 103
"/home/xiaohu/workspace/MyBlog/docker-compose.yml", "YAML", 0, 0, 0, 0, 0, 0, 0, 0, 0, 0, 0, 0, 0, 33, 0, 2, 35
"/home/xiaohu/workspace/MyBlog/frontend/Dockerfile", "Docker", 0, 0, 0, 0, 0, 0, 0, 0, 0, 0, 0, 11, 0, 0, 0, 2, 13
"/home/xiaohu/workspace/MyBlog/frontend/index.html", "HTML", 0, 16, 0, 0, 0, 0, 0, 0, 0, 0, 0, 0, 0, 0, 0, 1, 17
"/home/xiaohu/workspace/MyBlog/frontend/nginx.conf", "Properties", 0, 0, 0, 16, 0, 0, 0, 0, 0, 0, 0, 0, 0, 0, 0, 4, 20
"/home/xiaohu/workspace/MyBlog/frontend/package.json", "JSON", 0, 0, 0, 0, 0, 0, 0, 0, 0, 0, 0, 0, 24, 0, 0, 1, 25
"/home/xiaohu/workspace/MyBlog/frontend/src/App.tsx", "TypeScript JSX", 0, 0, 0, 0, 0, 54, 0, 0, 0, 0, 0, 0, 0, 0, 0, 8, 62
"/home/xiaohu/workspace/MyBlog/frontend/src/api/admin.ts", "TypeScript", 0, 0, 0, 0, 25, 0, 0, 0, 0, 0, 0, 0, 0, 0, 0, 5, 30
"/home/xiaohu/workspace/MyBlog/frontend/src/api/auth.ts", "TypeScript", 0, 0, 0, 0, 32, 0, 0, 0, 0, 0, 0, 0, 0, 0, 0, 6, 38
"/home/xiaohu/workspace/MyBlog/frontend/src/api/client.ts", "TypeScript", 0, 0, 0, 0, 55, 0, 0, 0, 0, 0, 0, 0, 0, 0, 0, 12, 67
"/home/xiaohu/workspace/MyBlog/frontend/src/api/posts.ts", "TypeScript", 0, 0, 0, 0, 35, 0, 0, 0, 0, 0, 0, 0, 0, 0, 0, 7, 42
"/home/xiaohu/workspace/MyBlog/frontend/src/api/search.ts", "TypeScript", 0, 0, 0, 0, 12, 0, 0, 0, 0, 0, 0, 0, 0, 0, 0, 2, 14
"/home/xiaohu/workspace/MyBlog/frontend/src/components/AdminRoute.tsx", "TypeScript JSX", 0, 0, 0, 0, 0, 17, 0, 0, 0, 0, 0, 0, 0, 0, 0, 5, 22
"/home/xiaohu/workspace/MyBlog/frontend/src/components/Header.tsx", "TypeScript JSX", 0, 0, 0, 0, 0, 64, 0, 0, 0, 0, 0, 0, 0, 0, 0, 8, 72
"/home/xiaohu/workspace/MyBlog/frontend/src/components/MarkdownEditor.tsx", "TypeScript JSX", 0, 0, 0, 0, 0, 37, 0, 0, 0, 0, 0, 0, 0, 0, 0, 5, 42
"/home/xiaohu/workspace/MyBlog/frontend/src/components/Pagination.tsx", "TypeScript JSX", 0, 0, 0, 0, 0, 22, 0, 0, 0, 0, 0, 0, 0, 0, 0, 3, 25
"/home/xiaohu/workspace/MyBlog/frontend/src/components/PostCard.tsx", "TypeScript JSX", 0, 0, 0, 0, 0, 28, 0, 0, 0, 0, 0, 0, 0, 0, 0, 2, 30
"/home/xiaohu/workspace/MyBlog/frontend/src/components/ProtectedRoute.tsx", "TypeScript JSX", 0, 0, 0, 0, 0, 10, 0, 0, 0, 0, 0, 0, 0, 0, 0, 4, 14
"/home/xiaohu/workspace/MyBlog/frontend/src/main.tsx", "TypeScript JSX", 0, 0, 0, 0, 0, 9, 0, 0, 0, 0, 0, 0, 0, 0, 0, 2, 11
"/home/xiaohu/workspace/MyBlog/frontend/src/pages/AdminUsersPage.tsx", "TypeScript JSX", 0, 0, 0, 0, 0, 86, 0, 0, 0, 0, 0, 0, 0, 0, 0, 10, 96
"/home/xiaohu/workspace/MyBlog/frontend/src/pages/EditorPage.tsx", "TypeScript JSX", 0, 0, 0, 0, 0, 95, 0, 0, 0, 0, 0, 0, 0, 0, 0, 15, 110
"/home/xiaohu/workspace/MyBlog/frontend/src/pages/HomePage.tsx", "TypeScript JSX", 0, 0, 0, 0, 0, 63, 0, 0, 0, 0, 0, 0, 0, 0, 0, 8, 71
"/home/xiaohu/workspace/MyBlog/frontend/src/pages/LoginPage.tsx", "TypeScript JSX", 0, 0, 0, 0, 0, 77, 0, 0, 0, 0, 0, 0, 0, 0, 0, 13, 90
"/home/xiaohu/workspace/MyBlog/frontend/src/pages/PostDetailPage.tsx", "TypeScript JSX", 0, 0, 0, 0, 0, 90, 0, 0, 0, 0, 0, 0, 0, 0, 0, 12, 102
"/home/xiaohu/workspace/MyBlog/frontend/src/pages/SearchPage.tsx", "TypeScript JSX", 0, 0, 0, 0, 0, 81, 0, 0, 0, 0, 0, 0, 0, 0, 0, 16, 97
"/home/xiaohu/workspace/MyBlog/frontend/src/store/authStore.ts", "TypeScript", 0, 0, 0, 0, 59, 0, 0, 0, 0, 0, 0, 0, 0, 0, 0, 14, 73
"/home/xiaohu/workspace/MyBlog/frontend/src/styles/index.css", "PostCSS", 0, 0, 0, 0, 0, 0, 0, 0, 0, 0, 311, 0, 0, 0, 0, 54, 365
"/home/xiaohu/workspace/MyBlog/frontend/src/types/api.ts", "TypeScript", 0, 0, 0, 0, 12, 0, 0, 0, 0, 0, 0, 0, 0, 0, 0, 2, 14
"/home/xiaohu/workspace/MyBlog/frontend/src/types/auth.ts", "TypeScript", 0, 0, 0, 0, 9, 0, 0, 0, 0, 0, 0, 0, 0, 0, 0, 3, 12
"/home/xiaohu/workspace/MyBlog/frontend/src/types/post.ts", "TypeScript", 0, 0, 0, 0, 16, 0, 0, 0, 0, 0, 0, 0, 0, 0, 0, 2, 18
"/home/xiaohu/workspace/MyBlog/frontend/src/types/user.ts", "TypeScript", 0, 0, 0, 0, 8, 0, 0, 0, 0, 0, 0, 0, 0, 0, 0, 2, 10
"/home/xiaohu/workspace/MyBlog/frontend/tsconfig.json", "JSON with Comments", 0, 0, 16, 0, 0, 0, 0, 0, 0, 0, 0, 0, 0, 0, 0, 1, 17
"/home/xiaohu/workspace/MyBlog/frontend/vite.config.ts", "TypeScript", 0, 0, 0, 0, 16, 0, 0, 0, 0, 0, 0, 0, 0, 0, 0, 2, 18
"Total", "-", 364, 16, 16, 16, 279, 733, 103, 43, 67, 2720, 311, 21, 40, 33, 3, 1072, 5837