"filename", "language", "Log", "Markdown", "XML", "YAML", "JSON", "HTML", "TypeScript", "TypeScript JSX", "Docker", "PostCSS", "CMake", "MS SQL", "Shell Script", "C++", "comment", "blank", "total"
"/home/xiaohu/workspace/MyBlog/README.md", "Markdown", 0, 84, 0, 0, 0, 0, 0, 0, 0, 0, 0, 0, 0, 0, 0, 21, 105
"/home/xiaohu/workspace/MyBlog/backend/CMakeLists.txt", "CMake", 0, 0, 0, 0, 0, 0, 0, 0, 0, 0, 2, 0, 0, 0, 0, 0, 2
"/home/xiaohu/workspace/MyBlog/backend/migrations/003_timestamp_normalize.sql", "MS SQL", 0, 0, 0, 0, 0, 0, 0, 0, 0, 0, 0, 12, 0, 0, 2, 4, 18
"/home/xiaohu/workspace/MyBlog/backend/migrations/004_collections.sql", "MS SQL", 0, 0, 0, 0, 0, 0, 0, 0, 0, 0, 0, 23, 0, 0, 0, 4, 27
"/home/xiaohu/workspace/MyBlog/backend/src/auth/RefreshTokenService.cc", "C++", 0, 0, 0, 0, 0, 0, 0, 0, 0, 0, 0, 0, 0, 4, 0, 1, 5
"/home/xiaohu/workspace/MyBlog/backend/src/controllers/CollectionController.cc", "C++", 0, 0, 0, 0, 0, 0, 0, 0, 0, 0, 0, 0, 0, 306, 0, 57, 363
"/home/xiaohu/workspace/MyBlog/backend/src/controllers/CollectionController.h", "C++", 0, 0, 0, 0, 0, 0, 0, 0, 0, 0, 0, 0, 0, 40, 0, 14, 54
"/home/xiaohu/workspace/MyBlog/backend/src/db/Migrations.cc", "C++", 0, 0, 0, 0, 0, 0, 0, 0, 0, 0, 0, 0, 0, 1, 0, 0, 1
"/home/xiaohu/workspace/MyBlog/backend/src/main.cc", "C++", 0, 0, 0, 0, 0, 0, 0, 0, 0, 0, 0, 0, 0, 52, 0, 6, 58
"/home/xiaohu/workspace/MyBlog/backend/src/models/Collection.h", "C++", 0, 0, 0, 0, 0, 0, 0, 0, 0, 0, 0, 0, 0, 21, 0, 6, 27
"/home/xiaohu/workspace/MyBlog/backend/src/models/Post.h", "C++", 0, 0, 0, 0, 0, 0, 0, 0, 0, 0, 0, 0, 0, 1, 0, 0, 1
"/home/xiaohu/workspace/MyBlog/backend/src/repositories/CollectionRepository.cc", "C++", 0, 0, 0, 0, 0, 0, 0, 0, 0, 0, 0, 0, 0, 599, 0, 75, 674
"/home/xiaohu/workspace/MyBlog/backend/src/repositories/CollectionRepository.h", "C++", 0, 0, 0, 0, 0, 0, 0, 0, 0, 0, 0, 0, 0, 46, 0, 15, 61
"/home/xiaohu/workspace/MyBlog/backend/src/repositories/PostRepository.h", "C++", 0, 0, 0, 0, 0, 0, 0, 0, 0, 0, 0, 0, 0, 2, 0, 1, 3
"/home/xiaohu/workspace/MyBlog/backend/src/repositories/UserRepository.h", "C++", 0, 0, 0, 0, 0, 0, 0, 0, 0, 0, 0, 0, 0, 2, 0, 1, 3
"/home/xiaohu/workspace/MyBlog/backend/src/utils/Validation.cc", "C++", 0, 0, 0, 0, 0, 0, 0, 0, 0, 0, 0, 0, 0, 14, 0, 2, 16
"/home/xiaohu/workspace/MyBlog/backend/src/utils/Validation.h", "C++", 0, 0, 0, 0, 0, 0, 0, 0, 0, 0, 0, 0, 0, 2, 0, 0, 2
"/home/xiaohu/workspace/MyBlog/backend/tests/api_smoke.sh", "Shell Script", 0, 0, 0, 0, 0, 0, 0, 0, 0, 0, 0, 0, 37, 0, 0, 11, 48
"/home/xiaohu/workspace/MyBlog/docker-compose.yml", "YAML", 0, 0, 0, 2, 0, 0, 0, 0, 0, 0, 0, 0, 0, 0, 0, 0, 2
"/home/xiaohu/workspace/MyBlog/frontend/Dockerfile", "Docker", 0, 0, 0, 0, 0, 0, 0, 0, 2, 0, 0, 0, 0, 0, 0, 0, 2
"/home/xiaohu/workspace/MyBlog/frontend/index.html", "HTML", 0, 0, 0, 0, 0, 10, 0, 0, 0, 0, 0, 0, 0, 0, 0, 0, 10
"/home/xiaohu/workspace/MyBlog/frontend/logs/frontend.log", "Log", 17, 0, 0, 0, 0, 0, 0, 0, 0, 0, 0, 0, 0, 0, 0, 2, 19
"/home/xiaohu/workspace/MyBlog/frontend/package-lock.json", "JSON", 0, 0, 0, 0, 2773, 0, 0, 0, 0, 0, 0, 0, 0, 0, 0, 1, 2774
"/home/xiaohu/workspace/MyBlog/frontend/package.json", "JSON", 0, 0, 0, 0, 1, 0, 0, 0, 0, 0, 0, 0, 0, 0, 0, 0, 1
"/home/xiaohu/workspace/MyBlog/frontend/public/og-cover.svg", "XML", 0, 0, 32, 0, 0, 0, 0, 0, 0, 0, 0, 0, 0, 0, 0, 4, 36
"/home/xiaohu/workspace/MyBlog/frontend/src/App.tsx", "TypeScript JSX", 0, 0, 0, 0, 0, 0, 0, 4, 0, 0, 0, 0, 0, 0, 0, 0, 4
"/home/xiaohu/workspace/MyBlog/frontend/src/api/collections.ts", "TypeScript", 0, 0, 0, 0, 0, 0, 43, 0, 0, 0, 0, 0, 0, 0, 0, 7, 50
"/home/xiaohu/workspace/MyBlog/frontend/src/components/Header.tsx", "TypeScript JSX", 0, 0, 0, 0, 0, 0, 0, 21, 0, 0, 0, 0, 0, 0, 0, 0, 21
"/home/xiaohu/workspace/MyBlog/frontend/src/components/PostCard.tsx", "TypeScript JSX", 0, 0, 0, 0, 0, 0, 0, 6, 0, 0, 0, 0, 0, 0, 0, 0, 6
"/home/xiaohu/workspace/MyBlog/frontend/src/main.tsx", "TypeScript JSX", 0, 0, 0, 0, 0, 0, 0, 3, 0, 0, 0, 0, 0, 0, 0, 0, 3
"/home/xiaohu/workspace/MyBlog/frontend/src/pages/AdminUsersPage.tsx", "TypeScript JSX", 0, 0, 0, 0, 0, 0, 0, 3, 0, 0, 0, 0, 0, 0, 0, 0, 3
"/home/xiaohu/workspace/MyBlog/frontend/src/pages/CollectionDetailPage.tsx", "TypeScript JSX", 0, 0, 0, 0, 0, 0, 0, 405, 0, 0, 0, 0, 0, 0, 1, 44, 450
"/home/xiaohu/workspace/MyBlog/frontend/src/pages/CollectionsPage.tsx", "TypeScript JSX", 0, 0, 0, 0, 0, 0, 0, 101, 0, 0, 0, 0, 0, 0, 0, 14, 115
"/home/xiaohu/workspace/MyBlog/frontend/src/pages/HomePage.tsx", "TypeScript JSX", 0, 0, 0, 0, 0, 0, 0, 4, 0, 0, 0, 0, 0, 0, 0, 0, 4
"/home/xiaohu/workspace/MyBlog/frontend/src/pages/PostDetailPage.tsx", "TypeScript JSX", 0, 0, 0, 0, 0, 0, 0, 157, 0, 0, 0, 0, 0, 0, 0, 19, 176
"/home/xiaohu/workspace/MyBlog/frontend/src/pages/SearchPage.tsx", "TypeScript JSX", 0, 0, 0, 0, 0, 0, 0, 3, 0, 0, 0, 0, 0, 0, 0, 0, 3
"/home/xiaohu/workspace/MyBlog/frontend/src/styles/index.css", "PostCSS", 0, 0, 0, 0, 0, 0, 0, 0, 0, 351, 0, 0, 0, 0, 0, 57, 408
"/home/xiaohu/workspace/MyBlog/frontend/src/types/collection.ts", "TypeScript", 0, 0, 0, 0, 0, 0, 31, 0, 0, 0, 0, 0, 0, 0, 0, 6, 37
"/home/xiaohu/workspace/MyBlog/frontend/src/types/post.ts", "TypeScript", 0, 0, 0, 0, 0, 0, 1, 0, 0, 0, 0, 0, 0, 0, 0, 0, 1
"/home/xiaohu/workspace/MyBlog/frontend/src/utils/dateTime.ts", "TypeScript", 0, 0, 0, 0, 0, 0, 61, 0, 0, 0, 0, 0, 0, 0, 0, 14, 75
"/home/xiaohu/workspace/MyBlog/frontend/tsconfig.tsbuildinfo", "JSON", 0, 0, 0, 0, 1, 0, 0, 0, 0, 0, 0, 0, 0, 0, 0, 0, 1
"/home/xiaohu/workspace/MyBlog/logs/backend.log", "Log", 146, 0, 0, 0, 0, 0, 0, 0, 0, 0, 0, 0, 0, 0, 0, 0, 146
"/home/xiaohu/workspace/MyBlog/logs/backend_run.log", "Log", 105, 0, 0, 0, 0, 0, 0, 0, 0, 0, 0, 0, 0, 0, 0, 1, 106
"Total", "-", 268, 84, 32, 2, 2775, 10, 136, 707, 2, 351, 2, 35, 37, 1090, 3, 387, 5921